{"0": -84.93736842105248, "1": -72.01127659574453, "2": -77.66676767676753, "3": -61.67367346938761, "4": -61.454646464646316, "5": -56.57163265306108, "6": -54.73489795918353, "7": -58.03999999999986, "8": -54.27571428571413, "9": -54.63646464646449, "10": -54.28292929292914, "11": -55.139999999999844, "12": -56.62366336633648, "13": -55.58405940594043, "14": -57.168217821782015, "15": -56.920693069306765, "16": -53.63999999999984, "17": -53.4553465346533, "18": -51.239999999999824, "19": -50.03999999999983, "20": -49.53999999999983, "21": -49.739999999999824, "22": -50.78207920792062, "23": -49.19792079207903, "24": -48.839999999999826, "25": -49.18999999999982, "26": -49.389999999999816, "27": -50.83158415841566, "28": -51.5741584158414, "29": -51.3761386138612, "30": -51.2771287128711, "31": -50.83158415841565, "32": -51.77217821782159, "33": -50.03950495049486, "34": -49.39594059405921, "35": -49.296930693069115, "36": -50.33653465346516, "37": -48.05930693069288, "38": -46.12861386138595, "39": -43.554356435643385, "40": -40.03950495049488, "41": -37.663267326732544, "42": -35.1880198019801, "43": -33.257326732673185, "44": -32.36623762376231, "45": -30.089009900990046, "46": -30.72529411764701, "47": -29.84294117647055, "48": -29.2547058823529, "49": -28.813529411764666, "50": -27.68607843137252, "51": -27.784117647058792, "52": -27.048823529411735, "53": -26.852745098039186, "54": -25.970392156862715, "55": -25.235098039215647, "56": -23.764509803921534, "57": -21.754705882352926, "58": -20.87235294117647, "59": -20.72529411764706, "60": -20.039019607843144, "61": -20.08803921568628, "62": -20.43117647058824, "63": -20.872352941176477, "64": -21.509607843137257, "65": -22.097843137254902, "66": -21.95078431372549, "67": -23.27431372549019, "68": -24.30372549019607, "69": -25.970392156862733, "70": -27.2449019607843, "71": -28.029215686274497, "72": -28.176274509803907, "73": -28.71549019607841, "74": -30.284117647058792, "75": -30.578235294117615, "76": -31.460588235294086, "77": -31.99980392156859, "78": -32.04882352941172, "79": -32.39196078431368, "80": -33.372352941176416, "81": -33.96058823529406, "82": -34.107647058823474, "83": -35.284117647058764, "84": -35.725294117646996, "85": -35.823333333333274, "86": -36.06843137254895, "87": -35.87235294117641, "88": -35.57823529411758, "89": -36.019411764705815, "90": -36.11745098039209, "91": -37.097843137254834, "92": -37.48999999999993, "93": -37.73509803921561, "94": -38.372352941176395, "95": -38.470392156862665, "96": -39.89196078431364, "97": -39.842941176470504, "98": -41.85274509803913, "99": -41.46058823529403, "100": -41.21549019607835, "101": -41.4115686274509, "102": -41.50960784313717, "103": -41.95078431372541, "104": -42.04882352941168, "105": -42.244901960784226, "106": -42.195882352941084, "107": -42.3429411764705, "108": -42.539019607843045, "109": -43.47039215686265, "110": -43.078235294117555, "111": -43.86254901960775, "112": -43.617450980392064, "113": -45.529215686274405, "114": -45.431176470588134, "115": -45.57823529411755, "116": -45.529215686274405, "117": -47.04882352941166, "118": -47.19588235294108, "119": -53.42137254901949, "120": -53.71549019607831, "121": -54.00960784313713, "122": -54.49980392156851, "123": -54.8919607843136, "124": -55.2841176470587, "125": -55.676274509803804, "126": -56.36254901960772, "127": -57.14686274509791, "128": -57.53901960784301, "129": -58.61745098039203, "130": -59.30372549019595, "131": -60.088039215686145, "132": -61.166470588235164, "133": -62.244901960784176, "134": -62.9311764705881, "135": -63.42137254901947, "136": -63.71549019607829, "137": -64.10764705882339, "138": -64.89196078431358, "139": -65.9703921568626, "140": -67.04882352941162, "141": -68.12725490196064, "142": -68.91156862745085, "143": -69.89196078431358, "144": -70.67627450980378, "145": -71.55862745098024, "146": -72.53901960784299, "147": -73.51941176470574, "148": -74.4017647058822, "149": -75.08803921568612, "150": -75.77431372549005, "151": -76.46058823529397, "152": -77.24490196078416, "153": -77.83313725490181, "154": -78.51941176470574, "155": -78.71549019607828, "156": -79.4017647058822, "157": -80.08803921568612, "158": -80.9703921568626, "159": -81.7547058823528, "160": -82.53901960784299, "161": -83.42137254901947, "162": -84.20568627450966, "163": -84.7939215686273, "164": -85.28411764705868, "165": -85.5782352941175, "166": -85.77431372549005, "167": -85.9703921568626, "168": -86.65666666666652, "169": -87.24490196078416, "170": -87.53901960784299, "171": -87.73509803921554, "172": -87.34294117647045, "173": -87.04882352941162, "174": -86.85274509803907, "175": -86.75470588235281, "176": -86.46058823529398, "177": -86.06843137254889, "178": -85.57823529411752, "179": -85.2841176470587, "180": -85.08803921568615, "181": -84.8919607843136, "182": -84.8919607843136, "183": -84.8919607843136, "184": -84.79392156862733, "185": -84.8919607843136, "186": -84.98999999999987, "187": -85.18607843137242, "188": -85.48019607843125, "189": -85.67627450980379, "190": -85.87235294117635, "191": -85.87235294117635, "192": -85.67627450980379, "193": -85.38215686274496, "194": -85.08803921568615, "195": -84.98999999999987, "196": -84.98999999999985, "197": -85.08803921568612, "198": -84.98999999999985, "199": -84.7939215686273, "200": -84.59784313725476, "201": -84.30372549019593, "202": -84.30372549019593, "203": -84.4017647058822, "204": -84.30372549019593, "205": -84.30372549019593, "206": -83.91156862745083, "207": -83.51941176470574, "208": -83.51941176470574, "209": -83.71549019607828, "210": -83.91156862745083, "211": -84.20568627450966, "212": -83.91156862745082, "213": -83.81352941176453, "214": -83.617450980392, "215": -83.42137254901944, "216": -83.42137254901944, "217": -83.42137254901944, "218": -83.51941176470572, "219": -83.42137254901944, "220": -83.42137254901944, "221": -83.42137254901944, "222": -83.51941176470572, "223": -83.42137254901944, "224": -83.32333333333317, "225": -83.2252941176469, "226": -82.83313725490177, "227": -82.3429411764704, "228": -81.95078431372531, "229": -81.55862745098021, "230": -81.26450980392138, "231": -80.77431372549002, "232": -80.18607843137237, "233": -79.59784313725471, "234": -78.81352941176452, "235": -78.22529411764688, "236": -77.44098039215667, "237": -76.75470588235275, "238": -76.16647058823511, "239": -75.48019607843119, "240": -74.59784313725471, "241": -73.81352941176452, "242": -72.83313725490177, "243": -72.14686274509786, "244": -71.55862745098021, "245": -70.97039215686256, "246": -70.38215686274492, "247": -69.695882352941, "248": -68.91156862745079, "249": -67.93117647058806, "250": -67.14686274509786, "251": -66.16647058823511, "252": -65.38215686274492, "253": -64.79392156862728, "254": -64.00960784313708, "255": -63.22529411764688, "256": -62.5880392156861, "257": -61.70568627450963, "258": -61.019411764705715, "259": -60.43117647058807, "260": -59.842941176470426, "261": -58.91156862745081, "262": -58.07823529411749, "263": -57.146862745097884, "264": -56.11745098039201, "265": -55.08803921568613, "266": -54.30372549019593, "267": -53.715490196078285, "268": -53.108811881187975, "269": -52.439999999999856, "270": -51.959696969696836, "271": -51.57163265306109, "272": -51.175567010309145, "273": -50.92749999999987, "274": -50.51631578947355, "275": -50.04319148936157, "276": -49.721182795698795, "277": -49.12043478260858, "278": -48.72626373626362, "279": -48.48999999999988, "280": -48.41696629213472, "281": -48.28545454545443, "282": -48.265862068965404, "283": -48.53651162790686, "284": -48.75470588235283, "285": -48.85904761904751, "286": -49.146626506023985, "287": -49.136341463414524, "288": -49.43444444444433, "289": -49.42749999999989, "290": -49.48367088607584, "291": -49.925897435897326, "292": -50.31467532467522, "293": -50.71368421052621, "294": -51.32333333333323, "295": -51.88189189189179, "296": -52.45575342465744, "297": -53.32333333333324, "298": -54.21535211267596,