{"0": -612.7113402061856, "1": -538.5876288659794, "2": -509.90909090909093, "3": -446.6, "4": -401.7, "5": -372.3, "6": -343.3, "7": -311.3, "8": -299.5, "9": -295.33663366336634, "10": -279.7920792079208, "11": -260.980198019802, "12": -254.34653465346534, "13": -246.02970297029702, "14": -239.990099009901, "15": -227.9108910891089, "16": -220.1881188118812, "17": -209.0, "18": -199.79207920792078, "19": -185.93069306930693, "20": -182.96039603960395, "21": -181.07920792079207, "22": -180.1881188118812, "23": -180.5686274509804, "24": -182.76237623762376, "25": -176.02970297029702, "26": -174.84158415841586, "27": -177.11881188118812, "28": -178.40594059405942, "29": -179.59405940594058, "30": -180.2871287128713, "31": -175.23762376237624, "32": -171.5742574257426, "33": -175.53465346534654, "34": -177.7128712871287, "35": -178.5049504950495, "36": -181.87128712871288, "37": -179.79207920792078, "38": -182.86138613861385, "39": -180.88118811881188, "40": -178.6039603960396, "41": -176.92079207920793, "42": -179.3960396039604, "43": -185.13861386138615, "44": -183.05940594059405, "45": -180.68316831683168, "46": -181.35294117647058, "47": -178.2156862745098, "48": -175.1764705882353, "49": -169.88235294117646, "50": -171.64705882352942, "51": -165.5686274509804, "52": -162.72549019607843, "53": -157.8235294117647, "54": -147.62745098039215, "55": -137.52941176470588, "56": -128.31372549019608, "57": -124.68627450980392, "58": -114.98039215686275, "59": -114.49019607843137, "60": -109.3921568627451, "61": -106.84313725490196, "62": -104.09803921568627, "63": -104.88235294117646, "64": -104.7843137254902, "65": -106.25490196078431, "66": -105.47058823529412, "67": -107.13725490196079, "68": -109.88235294117646, "69": -112.23529411764706, "70": -115.37254901960785, "71": -115.56862745098039, "72": -119.19607843137256, "73": -119.58823529411765, "74": -121.84313725490196, "75": -123.31372549019608, "76": -127.33333333333333, "77": -136.2549019607843, "78": -145.37254901960785, "79": -151.2549019607843, "80": -154.19607843137254, "81": -156.64705882352942, "82": -156.84313725490196, "83": -161.45098039215685, "84": -161.54901960784315, "85": -163.2156862745098, "86": -163.2156862745098, "87": -165.1764705882353, "88": -165.86274509803923, "89": -164.58823529411765, "90": -165.07843137254903, "91": -170.66666666666666, "92": -172.0392156862745, "93": -176.7450980392157, "94": -180.27450980392157, "95": -178.90196078431373, "96": -184.68627450980392, "97": -184.3921568627451, "98": -199.58823529411765, "99": -199.98039215686273, "100": -199.3921568627451, "101": -200.37254901960785, "102": -200.37254901960785, "103": -202.33333333333334, "104": -201.45098039215685, "105": -203.41176470588235, "106": -204.3921568627451, "107": -204.88235294117646, "108": -203.80392156862746, "109": -206.2549019607843, "110": -206.2549019607843, "111": -211.64705882352942, "112": -211.15686274509804, "113": -219.7843137254902, "114": -219.3921568627451, "115": -219.88235294117646, "116": -219.0, "117": -223.6078431372549, "118": -222.33333333333334, "119": -244.2941176470588, "120": -242.92156862745097, "121": -244.7843137254902, "122": -243.7058823529412, "123": -242.8235294117647, "124": -241.94117647058823, "125": -241.35294117647058, "126": -240.86274509803923, "127": -241.35294117647058, "128": -241.84313725490196, "129": -241.84313725490196, "130": -241.35294117647058, "131": -240.86274509803923, "132": -241.35294117647058, "133": -241.84313725490196, "134": -241.84313725490196, "135": -241.35294117647058, "136": -241.35294117647058, "137": -242.72549019607843, "138": -242.23529411764707, "139": -242.33333333333334, "140": -242.72549019607843, "141": -243.6078431372549, "142": -244.49019607843138, "143": -248.01960784313727, "144": -247.92156862745097, "145": -247.8235294117647, "146": -247.33333333333334, "147": -248.2156862745098, "148": -248.7058823529412, "149": -251.45098039215685, "150": -252.8235294117647, "151": -253.7058823529412, "152": -253.7058823529412, "153": -255.37254901960785, "154": -257.03921568627453, "155": -258.80392156862746, "156": -260.47058823529414, "157": -262.1372549019608, "158": -263.80392156862746, "159": -264.7843137254902, "160": -267.4313725490196, "161": -273.11764705882354, "162": -276.05882352941177, "163": -278.80392156862746, "164": -281.45098039215685, "165": -283.80392156862746, "166": -287.72549019607845, "167": -290.47058823529414, "168": -296.54901960784315, "169": -302.1372549019608, "170": -307.2352941176471, "171": -312.03921568627453, "172": -316.54901960784315, "173": -320.5686274509804, "174": -324.0, "175": -327.8235294117647, "176": -331.7450980392157, "177": -335.078431372549, "178": -339.0980392156863, "179": -342.62745098039215, "180": -346.6470588235294, "181": -350.5686274509804, "182": -353.3137254901961, "183": -356.6470588235294, "184": -361.05882352941177, "185": -365.078431372549, "186": -369.6862745098039, "187": -372.62745098039215, "188": -375.7647058823529, "189": -379.29411764705884, "190": -382.2352941176471, "191": -386.2549019607843, "192": -389.29411764705884, "193": -392.3333333333333, "194": -395.37254901960785, "195": -397.3333333333333, "196": -399.5882352941176, "197": -400.6666666666667, "198": -402.8235294117647, "199": -405.37254901960785, "200": -407.03921568627453, "201": -408.5098039215686, "202": -409.29411764705884, "203": -411.54901960784315, "204": -414.19607843137254, "205": -416.84313725490193, "206": -420.078431372549, "207": -422.3333333333333, "208": -424.19607843137254, "209": -426.54901960784315, "210": -428.80392156862746, "211": -431.45098039215685, "212": -433.6078431372549, "213": -433.01960784313724, "214": -432.4313725490196, "215": -431.05882352941177, "216": -430.47058823529414, "217": -432.1372549019608, "218": -434.7843137254902, "219": -437.4313725490196, "220": -438.3137254901961, "221": -439.98039215686276, "222": -440.8627450980392, "223": -441.3529411764706, "224": -443.01960784313724, "225": -444.6862745098039, "226": -446.3529411764706, "227": -446.7450980392157, "228": -447.62745098039215, "229": -448.5098039215686, "230": -449.3921568627451, "231": -451.05882352941177, "232": -453.2156862745098, "233": -453.80392156862746, "234": -455.1764705882353, "235": -456.05882352941177, "236": -456.94117647058823, "237": -457.8235294117647, "238": -459.4901960784314, "239": -460.1764705882353, "240": -461.84313725490193, "241": -461.94117647058823, "242": -462.8235294117647, "243": -464.0980392156863, "244": -464.5882352941176, "245": -465.078431372549, "246": -465.078431372549, "247": -465.078431372549, "248": -463.9019607843137, "249": -463.5098039215686, "250": -463.01960784313724, "251": -463.01960784313724, "252": -463.01960784313724, "253": -462.52941176470586, "254": -461.6470588235294, "255": -459.7843137254902, "256": -458.11764705882354, "257": -456.45098039215685, "258": -454.7843137254902, "259": -453.5098039215686, "260": -453.5098039215686, "261": -452.2352941176471, "262": -449.5882352941176, "263": -446.94117647058823, "264": -443.5098039215686, "265": -440.078431372549, "266": -437.4313725490196, "267": -434.7843137254902, "268": -433.7524752475247, "269": -433.1, "270": -432.4343434343434, "271": -430.9387755102041, "272": -430.44329896907215, "273": -428.8958333333333, "274": -426.89473684210526, "275": -423.25531914893617, "276": -419.21505376344084, "277": -417.2608695652174, "278": -414.38461538461536, "279": -411.44444444444446, "280": -408.438202247191, "281": -406.5, "282": -402.2183908045977, "283": -396.3255813953488, "284": -391.47058823529414, "285": -386.5, "286": -381.4096385542169, "287": -377.0487804878049, "288": -371.8395061728395, "289": -366.375, "290": -360.7721518987342, "291": -355.9230769230769, "292": -350.94805194805195, "293": -345.8421052631579, "294": -339.26666666666665, "295": -334.94594594594594, "296": -328.7260273972603, "297": -324.4166666666667, "298": -320.1267605633803, "299": -316.0, "300": -314.7971014492754,