{"0": -41393.508771929824, "1": -37193.38983050847, "2": -37328.983050847455, "3": -35073.333333333336, "4": -34396.779661016946, "5": -32464.57627118644, "6": -30423.333333333332, "7": -30955.51724137931, "8": -30240.0, "9": -29566.271186440677, "10": -28873.333333333332, "11": -28939.15254237288, "12": -28261.186440677968, "13": -26556.666666666668, "14": -26076.206896551725, "15": -24906.666666666668, "16": -25854.406779661018, "17": -25190.0, "18": -26345.93220338983, "19": -25973.333333333332, "20": -26367.049180327867, "21": -27176.4406779661, "22": -25623.333333333332, "23": -24990.0, "24": -24727.70491803279, "25": -24923.333333333332, "26": -23449.016393442624, "27": -21796.451612903227, "28": -22540.0, "29": -21383.44262295082, "30": -21457.74193548387, "31": -20957.74193548387, "32": -20908.032786885247, "33": -21619.032258064515, "34": -21990.0, "35": -21498.196721311477, "36": -22006.129032258064, "37": -22602.90322580645, "38": -22021.25, "39": -22323.333333333332, "40": -21740.0, "41": -20959.23076923077, "42": -20974.375, "43": -20611.21212121212, "44": -21174.615384615383, "45": -21020.76923076923, "46": -20959.23076923077, "47": -21080.909090909092, "48": -21363.13432835821, "49": -21853.636363636364, "50": -21416.470588235294, "51": -21840.746268656716, "52": -21198.955223880595, "53": -21378.059701492537, "54": -21342.941176470587, "55": -21047.971014492752, "56": -20990.0, "57": -20418.571428571428, "58": -20250.869565217392, "59": -19743.623188405796, "60": -19813.529411764706, "61": -20091.44927536232, "62": -19313.943661971833, "63": -19718.571428571428, "64": -20226.11111111111, "65": -21187.183098591548, "66": -20976.11111111111, "67": -20919.577464788734, "68": -21976.11111111111, "69": -21854.864864864863, "70": -22524.246575342466, "71": -22136.666666666668, "72": -22098.108108108107, "73": -21950.526315789473, "74": -21883.333333333332, "75": -21937.36842105263, "76": -22143.846153846152, "77": -22158.83116883117, "78": -21618.20512820513, "79": -21743.246753246753, "80": -22319.113924050635, "81": -22887.4358974359, "82": -23331.772151898735, "83": -23780.123456790123, "84": -24477.5, "85": -24397.40740740741, "86": -24777.5, "87": -24294.878048780487, "88": -24397.40740740741, "89": -23977.80487804878, "90": -23821.32530120482, "91": -23660.731707317074, "92": -23315.301204819276, "93": -23490.0, "94": -23490.0, "95": -23712.89156626506, "96": -24228.095238095237, "97": -23648.823529411766, "98": -24085.238095238095, "99": -23990.0, "100": -23648.823529411766, "101": -23875.05747126437, "102": -23501.627906976744, "103": -23829.080459770114, "104": -23217.272727272728, "105": -24242.873563218393, "106": -24068.65168539326, "107": -24637.727272727272, "108": -24078.88888888889, "109": -24832.696629213482, "110": -24534.444444444445, "111": -25000.98901098901, "112": -25178.88888888889, "113": -25413.91304347826, "114": -25253.736263736264, "115": -25172.795698924732, "116": -25076.956521739132, "117": -25398.602150537634, "118": -25592.15053763441, "119": -26957.74193548387, "120": -27692.127659574468, "121": -27894.255319148935, "122": -27495.263157894737, "123": -28105.78947368421, "124": -28021.25, "125": -28427.5, "126": -28458.75, "127": -29072.474226804123, "128": -28577.628865979383, "129": -28857.34693877551, "130": -28898.163265306124, "131": -29454.646464646463, "132": -29606.161616161615, "133": -30202.121212121212, "134": -30360.0, "135": -30220.0, "136": -30227.62376237624, "137": -30772.178217821784, "138": -30715.49019607843, "139": -30852.745098039217, "140": -31029.21568627451, "141": -31440.980392156864, "142": -31686.07843137255, "143": -32176.274509803923, "144": -31833.13725490196, "145": -31823.333333333332, "146": -31921.37254901961, "147": -32715.49019607843, "148": -32421.37254901961, "149": -32813.529411764706, "150": -32999.80392156863, "151": -33205.686274509804, "152": -33382.1568627451, "153": -33127.25490196078, "154": -33068.43137254902, "155": -33186.07843137255, "156": -33039.01960784314, "157": -32362.549019607843, "158": -32274.313725490196, "159": -32323.333333333332, "160": -31921.37254901961, "161": -31940.980392156864, "162": -32156.666666666668, "163": -32048.823529411766, "164": -32440.980392156864, "165": -32421.37254901961, "166": -32205.686274509804, "167": -32048.823529411766, "168": -31960.58823529412, "169": -32244.901960784315, "170": -32156.666666666668, "171": -31646.86274509804, "172": -31499.803921568626, "173": -31588.039215686276, "174": -31646.86274509804, "175": -31313.529411764706, "176": -30940.980392156864, "177": -30509.607843137255, "178": -30019.41176470588, "179": -30225.29411764706, "180": -30156.666666666668, "181": -30068.43137254902, "182": -29509.607843137255, "183": -29578.235294117647, "184": -28990.0, "185": -28823.333333333332, "186": -28578.235294117647, "187": -28186.07843137255, "188": -28284.117647058825, "189": -28460.58823529412, "190": -28705.686274509804, "191": -28499.803921568626, "192": -28303.725490196077, "193": -28264.50980392157, "194": -28303.725490196077, "195": -28313.529411764706, "196": -28274.313725490196, "197": -28342.941176470587, "198": -28088.039215686276, "199": -27715.49019607843, "200": -28029.21568627451, "201": -28264.50980392157, "202": -28382.156862745098, "203": -28539.019607843136, "204": -28333.13725490196, "205": -28382.156862745098, "206": -28333.13725490196, "207": -28539.019607843136, "208": -28293.92156862745, "209": -28313.529411764706, "210": -28333.13725490196, "211": -28244.901960784315, "212": -28215.49019607843, "213": -28225.29411764706, "214": -28333.13725490196, "215": -28450.78431372549, "216": -28284.117647058825, "217": -27940.980392156864, "218": -27823.333333333332, "219": -27725.29411764706, "220": -27666.470588235294, "221": -27195.882352941175, "222": -27205.686274509804, "223": -27107.647058823528, "224": -26891.960784313724, "225": -26705.686274509804, "226": -26637.058823529413, "227": -26480.196078431374, "228": -26421.37254901961, "229": -26401.764705882353, "230": -26401.764705882353, "231": -26078.235294117647, "232": -25940.980392156864, "233": -25872.352941176472, "234": -25803.725490196077, "235": -25852.745098039217, "236": -26029.21568627451, "237": -26029.21568627451, "238": -25784.117647058825, "239": -25578.235294117647, "240": -25254.70588235294, "241": -25186.07843137255, "242": -25186.07843137255, "243": -24950.78431372549, "244": -24950.78431372549, "245": -25195.882352941175, "246": -25352.745098039217, "247": -25146.86274509804, "248": -25146.86274509804, "249": -25019.41176470588, "250": -24921.37254901961, "251": -24862.549019607843, "252": -24931.176470588234, "253": -24872.352941176472, "254": -24485.049504950493, "255": -24545.555555555555, "256": -24545.555555555555, "257": -24510.408163265307, "258": -24557.01030927835, "259": -24558.42105263158, "260": -24621.57894736842, "261": -24660.212765957447, "262": -24696.521739130436, "263": -24761.739130434784, "264": -24814.175824175825, "265": -24923.333333333332, "266": -24933.18181818182, "267": -25012.727272727272, "268": -24978.505747126437, "269": -24990.0, "270": -25142.941176470587, "271": -24978.095238095237, "272": -25014.09638554217, "273": -25125.802469135804, "274": -24878.88888888889, "275": -24740.0, "276": -25028.46153846154, "277": -25015.641025641027, "278": -25067.922077922078, "279": -25121.57894736842, "280": -24868.37837837838, "281": -24584.594594594593, "282": -24400.95890410959, "283": -24454.788732394365, "284": -24215.352112676057, "285": -24161.428571428572, "286": -24105.942028985508, "287": -24243.731343283584, "288": -23855.671641791047, "289": -23929.39393939394, "290": -24177.5, "291": -24068.125, "292": -23815.396825396827, "293": -23748.064516129034, "294": -23406.666666666668, "295": -23240.0, "296": -23278.13559322034, "297": -23305.78947368421, "298": -22604.035087719298, "299": -22436.428571428572, "300": -22335.454545454544, "301": -22442.830188679247,