{"0": -889.0, "1": -788.8648648648649, "2": -775.8918918918919, "3": -578.8630136986301, "4": -577.3561643835617, "5": -552.3333333333334, "6": -558.0410958904109, "7": -556.3239436619718, "8": -531.6027397260274, "9": -533.0277777777778, "10": -533.1666666666666, "11": -534.0704225352113, "12": -529.8571428571429, "13": -538.7183098591549, "14": -522.3333333333334, "15": -499.14285714285717, "16": -487.2857142857143, "17": -502.3333333333333, "18": -527.8405797101449, "19": -512.8235294117648, "20": -513.8529411764706, "21": -509.74626865671644, "22": -501.17391304347825, "23": -493.7142857142857, "24": -466.5, "25": -471.94117647058823, "26": -469.3030303030303, "27": -492.030303030303, "28": -504.45454545454544, "29": -513.8529411764706, "30": -518.7014925373135, "31": -509.2985074626866, "32": -507.2089552238806, "33": -511.8358208955224, "34": -517.5074626865671, "35": -514.223880597015, "36": -500.02941176470586, "37": -509.88235294117646, "38": -507.35820895522386, "39": -470.4925373134328, "40": -436.6119402985075, "41": -428.8529411764706, "42": -401.8787878787879, "43": -411.6865671641791, "44": -381.42424242424244, "45": -388.7014925373134, "46": -386.46268656716416, "47": -365.7164179104478, "48": -355.1764705882353, "49": -345.3636363636364, "50": -332.43283582089555, "51": -319.1515151515151, "52": -311.6470588235294, "53": -312.13432835820896, "54": -301.53731343283584, "55": -305.02941176470586, "56": -294.1515151515151, "57": -282.2835820895522, "58": -281.8787878787879, "59": -278.25373134328356, "60": -272.4848484848485, "61": -272.3333333333333, "62": -260.04477611940297, "63": -259.61538461538464, "64": -252.13432835820896, "65": -247.63636363636363, "66": -247.6764705882353, "67": -247.0597014925373, "68": -242.43283582089552, "69": -253.41176470588235, "70": -255.66666666666666, "71": -270.9117647058824, "72": -273.32835820895525, "73": -273.92753623188406, "74": -285.47058823529414, "75": -287.52941176470586, "76": -289.4347826086956, "77": -297.2089552238806, "78": -307.5507246376812, "79": -308.70588235294116, "80": -313.7142857142857, "81": -326.39130434782606, "82": -330.30434782608694, "83": -342.14285714285717, "84": -352.0882352941176, "85": -356.57142857142856, "86": -368.42028985507244, "87": -373.50704225352115, "88": -365.2857142857143, "89": -370.85714285714283, "90": -374.49295774647885, "91": -387.1159420289855, "92": -388.2957746478873, "93": -394.0, "94": -404.55555555555554, "95": -405.056338028169, "96": -418.85915492957747, "97": -420.1111111111111, "98": -441.0, "99": -439.97222222222223, "100": -432.38028169014086, "101": -439.4109589041096, "102": -444.27777777777777, "103": -465.1111111111111, "104": -472.6986301369863, "105": -486.88732394366195, "106": -493.24657534246575, "107": -503.1666666666667, "108": -509.6756756756757, "109": -533.1095890410959, "110": -547.082191780822, "111": -558.0540540540541, "112": -553.5833333333334, "113": -594.068493150685, "114": -605.5753424657535, "115": -600.7567567567568, "116": -614.5405405405405, "117": -637.9333333333333, "118": -640.2, "119": -674.0, "120": -679.4, "121": -706.5, "122": -689.3947368421053, "123": -705.0526315789474, "124": -706.922077922078, "125": -740.1688311688312, "126": -744.2631578947369, "127": -754.3246753246754, "128": -750.1538461538462, "129": -753.2307692307693, "130": -761.0512820512821, "131": -765.7088607594936, "132": -779.632911392405, "133": -783.8717948717949, "134": -799.7594936708861, "135": -801.375, "136": -801.9113924050633, "137": -831.2784810126582, "138": -837.875, "139": -855.875, "140": -854.8227848101266, "141": -876.2151898734177, "142": -879.125, "143": -916.2151898734177, "144": -928.1139240506329, "145": -946.125, "146": -958.875, "147": -965.5822784810126, "148": -976.3417721518987, "149": -986.625, "150": -985.0759493670886, "151": -984.3164556962025, "152": -988.0, "153": -1007.0, "154": -1002.6708860759494, "155": -1010.1392405063291, "156": -1007.0, "157": -1010.0126582278481, "158": -1010.1392405063291, "159": -994.375, "160": -984.75, "161": -976.8481012658228, "162": -974.8227848101266, "163": -957.375, "164": -961.0253164556962, "165": -951.1518987341772, "166": -936.125, "167": -923.5, "168": -925.4556962025316, "169": -916.7215189873418, "170": -899.875, "171": -898.2405063291139, "172": -884.4430379746835, "173": -883.875, "174": -875.25, "175": -874.5696202531645, "176": -856.0886075949367, "177": -845.25, "178": -848.367088607595, "179": -833.1772151898734, "180": -832.625, "181": -815.5, "182": -814.9493670886076, "183": -814.9493670886076, "184": -806.375, "185": -810.0126582278481, "186": -805.5822784810126, "187": -796.75, "188": -789.125, "189": -791.5316455696203, "190": -789.379746835443, "191": -785.0, "192": -791.5316455696203, "193": -794.8227848101266, "194": -780.625, "195": -777.875, "196": -780.2658227848101, "197": -773.6835443037975, "198": -757.5, "199": -766.2151898734177, "200": -756.4683544303797, "201": -760.25, "202": -742.625, "203": -748.873417721519, "204": -727.1012658227849, "205": -724.75, "206": -724.6962025316456, "207": -716.9746835443038, "208": -715.25, "209": -710.875, "210": -712.2911392405064, "211": -704.0632911392405, "212": -707.875, "213": -709.253164556962, "214": -702.6708860759494, "215": -694.625, "216": -688.125, "217": -684.9493670886076, "218": -678.367088607595, "219": -660.75, "220": -669.126582278481, "221": -644.6962025316456, "222": -645.75, "223": -630.875, "224": -627.1012658227849, "225": -620.7721518987341, "226": -622.625, "227": -612.2911392405064, "228": -604.3164556962025, "229": -602.625, "230": -595.25, "231": -585.0759493670886, "232": -574.3164556962025, "233": -572.375, "234": -567.8607594936709, "235": -553.8101265822785, "236": -545.875, "237": -536.125, "238": -531.1518987341772, "239": -520.3924050632911, "240": -511.25, "241": -503.8101265822785, "242": -481.27848101265823, "243": -467.875, "244": -456.125, "245": -444.69620253164555, "246": -431.7848101265823, "247": -419.0, "248": -408.11392405063293, "249": -394.1898734177215, "250": -380.75, "251": -366.875, "252": -355.0759493670886, "253": -343.2307692307692, "254": -334.12820512820514, "255": -324.1948051948052, "256": -316.2368421052632, "257": -309.0, "258": -296.6, "259": -290.7567567567568, "260": -284.75342465753425, "261": -278.3150684931507, "262": -273.8611111111111, "263": -269.28169014084506, "264": -263.22535211267603, "265": -259.7142857142857, "266": -255.52173913043478, "267": -252.97058823529412, "268": -248.55882352941177, "269": -245.86567164179104, "270": -244.45454545454547, "271": -243.0909090909091, "272": -241.6153846153846, "273": -242.125, "274": -242.015873015873, "275": -241.38095238095238, "276": -240.61290322580646, "277": -241.13114754098362, "278": -239.81967213114754, "279": -239.66666666666666, "280": -239.5084745762712, "281": -239.3448275862069, "282": -239.3448275862069, "283": -241.28070175438597, "284": -243.28571428571428, "285": -243.28571428571428, "286": -244.63636363636363, "287": -246.77777777777777, "288": -249.0, "289": -249.75471698113208, "290": -251.30769230769232, "291": -252.13725490196077, "292": -251.35294117647058, "293": -251.4, "294": -252.26530612244898, "295": -253.16666666666666, "296": -256.7083333333333, "297": -256.6595744680851, "298": -258.5652173913044, "299": -261.39130434782606, "300": -263.44444444444446, "301": -265.59090909090907, "302": -265.74418604651163, "303": -271.7906976744186, "304": -271.14285714285717, "305": -272.6585365853659, "306": -278.0243902439024, "307": -280.75, "308": -283.61538461538464, "309": -286.63157894736844, "310": -291.10526315789474, "311": -294.4054054054054, "312": -299.27777777777777, "313": -300.3888888888889, "314": -303.0, "315": -304.5882352941176, "316": -306.27272727272725, "317": -306.27272727272725, "318": -308.0625, "319": -309.96774193548384, "320": -307.06451612903226, "321": -306.0, "322": -304.86206896551727, "323": -306.85714285714283,