{"0": -105.72770491803266, "1": -89.35507936507923, "2": -88.86096774193535, "3": -67.73193548387086, "4": -64.25229508196709, "5": -63.59655737704905, "6": -63.61903225806439, "7": -61.82333333333322, "8": -57.89322580645149, "9": -57.285081967212996, "10": -58.26868852459003, "11": -55.15666666666655, "12": -56.07333333333322, "13": -57.20311475409822, "14": -54.989999999999895, "15": -55.40666666666655, "16": -53.406666666666574, "17": -57.3233333333332, "18": -53.29508474576262, "19": -54.22728813559313, "20": -55.15666666666657, "21": -54.12793103448268, "22": -55.23590163934416, "23": -55.97360655737696, "24": -54.156666666666574, "25": -52.532372881355855, "26": -54.48999999999992, "27": -55.64573770491795, "28": -53.12559322033891, "29": -54.74806451612895, "30": -54.98999999999991, "31": -55.973606557376954, "32": -55.40666666666659, "33": -58.432622950819585, "34": -59.34483870967733, "35": -58.82333333333325, "36": -60.312580645161205, "37": -60.153934426229426, "38": -58.61903225806444, "39": -57.20311475409831, "40": -55.796451612903184, "41": -52.651290322580614, "42": -49.5801639344262, "43": -48.56142857142854, "44": -44.58677419354837, "45": -43.11499999999998, "46": -43.73999999999998, "47": -43.066923076923054, "48": -40.75923076923074, "49": -41.083749999999974, "50": -41.50515151515148, "51": -40.14384615384613, "52": -39.54223880597012, "53": -40.520303030303, "54": -41.03477611940295, "55": -40.661641791044744, "56": -40.596060606060576, "57": -40.65176470588232, "58": -41.85567164179101, "59": -42.04882352941173, "60": -42.15417910447757, "61": -41.16647058823525, "62": -41.754705882352894, "63": -44.09447761194025, "64": -44.12043478260864, "65": -45.79882352941172, "66": -45.20739130434778, "67": -44.181176470588184, "68": -43.61318840579705, "69": -43.75811594202894, "70": -45.35764705882349, "71": -44.347142857142806, "72": -43.685652173913, "73": -42.70428571428567, "74": -44.41028985507241, "75": -45.418571428571376, "76": -46.489999999999945, "77": -47.381304347826024, "78": -47.384366197183034, "79": -47.632857142857084, "80": -48.72239436619712, "81": -50.204285714285646, "82": -50.55338028169007, "83": -51.25760563380275, "84": -53.418571428571354, "85": -53.114999999999924, "86": -54.989999999999924, "87": -56.587222222222145, "88": -56.46887323943654, "89": -57.07333333333325, "90": -56.37888888888881, "91": -57.52521126760555, "92": -57.52424657534238, "93": -57.28166666666659, "94": -58.75712328767114, "95": -59.15666666666659, "96": -60.263972602739635, "97": -60.05849315068484, "98": -61.72611111111102, "99": -60.948904109588945, "100": -60.96222222222213, "101": -60.743424657534156, "102": -60.54555555555547, "103": -61.29136986301359, "104": -61.154383561643726, "105": -62.83722222222212, "106": -62.250273972602635, "107": -63.25388888888878, "108": -63.07219178082181, "109": -64.98999999999988, "110": -64.64753424657522, "111": -67.11328767123275, "112": -67.76777777777767, "113": -67.52424657534235, "114": -67.76777777777767, "115": -68.34616438356153, "116": -67.25027397260263, "117": -70.80081081081067, "118": -71.3598630136985, "119": -75.88041095890398, "120": -75.05666666666653, "121": -75.80081081081067, "122": -75.66567567567554, "123": -75.58999999999986, "124": -75.51631578947355, "125": -76.38999999999987, "126": -76.1233333333332, "127": -76.87311688311675, "128": -76.96368421052618, "129": -78.27947368421039, "130": -78.69129870129856, "131": -80.50282051282038, "132": -80.89909090909077, "133": -82.84714285714271, "134": -84.42037974683531, "135": -84.34897435897422, "136": -84.98999999999987, "137": -87.33177215189859, "138": -88.23999999999985, "139": -87.07860759493656, "140": -88.85075949367074, "141": -90.61499999999985, "142": -91.00265822784795, "143": -95.30645569620238, "144": -96.73999999999985, "145": -98.98999999999985, "146": -98.85075949367072, "147": -100.74949367088591, "148": -101.73999999999984, "149": -101.12924050632896, "150": -102.77481012658212, "151": -102.98999999999985, "152": -104.23999999999985, "153": -104.67354430379731, "154": -106.69886075949353, "155": -108.11499999999985, "156": -108.59759493670872, "157": -111.00265822784795, "158": -111.48999999999985, "159": -112.73999999999985, "160": -113.02797468354416, "161": -113.53430379746821, "162": -113.36499999999985, "163": -113.15455696202517, "164": -113.91405063291124, "165": -111.61499999999985, "166": -111.73999999999985, "167": -111.38240506329099, "168": -111.12924050632897, "169": -109.98999999999985, "170": -109.86341772151886, "171": -108.59759493670873, "172": -107.11499999999987, "173": -106.36499999999987, "174": -106.19253164556949, "175": -104.67354430379734, "176": -102.73999999999987, "177": -102.2684810126581, "178": -101.69886075949356, "179": -100.05249999999988, "180": -99.61499999999988, "181": -98.34443037974673, "182": -97.33177215189862, "183": -95.61499999999988, "184": -95.93936708860748, "185": -94.86341772151887, "186": -93.30249999999988, "187": -92.92749999999988, "188": -92.77481012658217, "189": -92.64822784810116, "190": -91.86499999999988, "191": -92.0153164556961, "192": -91.00265822784797, "193": -89.92749999999987, "194": -89.17749999999987, "195": -89.42037974683532, "196": -88.2811392405062, "197": -87.36499999999987, "198": -87.3317721518986, "199": -86.88873417721507, "200": -85.55249999999987, "201": -85.05249999999987, "202": -85.11658227848088, "203": -84.98999999999987, "204": -84.67749999999987, "205": -84.86341772151884, "206": -83.28113924050619, "207": -83.23999999999987, "208": -82.42749999999987, "209": -81.82544303797455, "210": -81.69886075949353, "211": -81.98999999999985, "212": -82.3950632911391, "213": -81.88873417721504, "214": -82.73999999999985, "215": -82.48999999999985, "216": -82.3950632911391, "217": -82.01531645569604, "218": -83.11499999999985, "219": -83.28113924050616, "220": -83.15455696202515, "221": -84.11499999999984, "222": -84.23999999999984, "223": -84.54696202531629, "224": -84.6102531645568, "225": -85.92749999999982, "226": -86.12924050632894, "227": -85.62291139240489, "228": -86.55249999999982, "229": -86.05249999999982, "230": -86.00265822784793, "231": -85.7494936708859, "232": -85.80249999999982, "233": -84.86341772151881, "234": -84.04063291139224, "235": -83.98999999999981, "236": -82.48999999999981, "237": -82.26848101265804, "238": -80.7494936708859, "239": -80.23999999999981, "240": -79.98999999999981, "241": -78.34443037974665, "242": -76.73999999999981, "243": -75.36499999999981, "244": -74.29379746835424, "245": -71.888734177215, "246": -70.48999999999981, "247": -68.72417721518968, "248": -66.19253164556943, "249": -64.11499999999981, "250": -61.73999999999982, "251": -60.11658227848084, "252": -58.21784810126565, "253": -56.31911392405046, "254": -54.98999999999983, "255": -54.145844155843996, "256": -51.67831168831154, "257": -50.25315789473672, "258": -48.85666666666656, "259": -47.82783783783775, "260": -46.34135135135127, "261": -45.19547945205472, "262": -43.94833333333327, "263": -42.420555555555495, "264": -40.90549295774642, "265": -39.70428571428566, "266": -38.685652173913, "267": -37.96101449275358, "268": -37.41647058823525, "269": -36.706417910447726, "270": -36.03477611940295, "271": -35.59606060606058, "272": -35.066923076923054, "273": -34.67749999999999, "274": -34.44312499999999, "275": -34.1963492063492, "276": -34.26419354838709, "277": -33.86096774193548, "278": -33.9244262295082, "279": -34.07333333333334, "280": -34.0577966101695, "281": -33.973050847457635, "282": -34.04172413793104, "283": -34.463684210526324, "284": -34.551403508771934, "285": -34.81142857142858, "286": -34.99, "287": -35.26777777777778, "288": -35.73074074074074, "289": -35.9333962264151, "290": -36.432307692307695, "291": -36.720769230769235, "292": -36.85274509803922, "293": -36.99, "294": -37.23489795918368, "295": -37.745102040816334, "296": -38.21916666666667, "297": -38.713404255319155, "298": -39.245319148936176,