{"0": -8595.666666666666, "1": -7738.68253968254, "2": -7513.5161290322585, "3": -6961.903225806452, "4": -6926.868852459016, "5": -6546.540983606557, "6": -6389.322580645161, "7": -6244.0, "8": -6134.4838709677415, "9": -6238.3442622950815, "10": -6133.426229508197, "11": -5895.666666666667, "12": -5704.0, "13": -5735.065573770492, "14": -5636.28813559322, "15": -5612.333333333333, "16": -5532.333333333333, "17": -5337.333333333333, "18": -5324.423728813559, "19": -5178.661016949152, "20": -4885.666666666667, "21": -4900.724137931034, "22": -4846.540983606557, "23": -4839.983606557377, "24": -4704.0, "25": -4439.677966101695, "26": -4282.333333333333, "27": -4508.836065573771, "28": -4478.661016949152, "29": -4419.967741935484, "30": -4313.754098360656, "31": -4443.262295081967, "32": -4134.0, "33": -3982.6065573770493, "34": -4047.3870967741937, "35": -4017.3333333333335, "36": -3759.655737704918, "37": -3813.754098360656, "38": -3813.516129032258, "39": -3543.2622950819673, "40": -3584.483870967742, "41": -3531.2580645161293, "42": -3603.9180327868853, "43": -3686.3015873015875, "44": -3578.032258064516, "45": -3536.5, "46": -3606.8125, "47": -3588.230769230769, "48": -3595.923076923077, "49": -3567.75, "50": -3533.848484848485, "51": -3494.3846153846152, "52": -3197.507462686567, "53": -3120.212121212121, "54": -3166.1641791044776, "55": -2985.5671641791046, "56": -2900.5151515151515, "57": -2922.529411764706, "58": -2851.2388059701493, "59": -2701.9411764705883, "60": -2642.283582089552, "61": -2629.8823529411766, "62": -2506.3529411764707, "63": -2558.7014925373132, "64": -2648.2753623188405, "65": -2613.705882352941, "66": -2641.0289855072465, "67": -2629.8823529411766, "68": -2668.5652173913045, "69": -2601.8985507246375, "70": -2709.294117647059, "71": -2799.0, "72": -2817.840579710145, "73": -2800.4285714285716, "74": -2888.855072463768, "75": -2909.0, "76": -2931.8571428571427, "77": -3201.8985507246375, "78": -3348.2957746478874, "79": -3311.8571428571427, "80": -3355.3380281690143, "81": -3346.1428571428573, "82": -3401.8169014084506, "83": -3518.718309859155, "84": -3683.285714285714, "85": -3586.5, "86": -3648.2957746478874, "87": -3643.4444444444443, "88": -3535.6197183098593, "89": -3633.722222222222, "90": -3549.0, "91": -3639.845070422535, "92": -3720.917808219178, "93": -3671.222222222222, "94": -3741.4657534246576, "95": -3765.6666666666665, "96": -3890.780821917808, "97": -3845.5753424657532, "98": -3986.5, "99": -4026.3972602739727, "100": -4051.777777777778, "101": -4135.986301369863, "102": -4099.0, "103": -4122.287671232877, "104": -4027.7671232876714, "105": -4147.611111111111, "106": -4131.876712328767, "107": -4187.888888888889, "108": -4145.575342465753, "109": -4247.611111111111, "110": -4241.465753424657, "111": -4323.657534246576, "112": -4374.0, "113": -4414.068493150685, "114": -4397.611111111111, "115": -4338.726027397261, "116": -4286.671232876713, "117": -4351.7027027027025, "118": -4362.013698630137, "119": -4703.109589041096, "120": -4708.333333333333, "121": -4746.2972972972975, "122": -4731.4324324324325, "123": -4744.333333333333, "124": -4747.684210526316, "125": -4827.0, "126": -4803.0, "127": -4774.324675324675, "128": -4804.263157894737, "129": -4810.8421052631575, "130": -4775.623376623376, "131": -4763.102564102564, "132": -4792.506493506494, "133": -4811.987012987013, "134": -4740.772151898735, "135": -4769.51282051282, "136": -4709.25641025641, "137": -4753.430379746836, "138": -4696.5, "139": -4647.101265822785, "140": -4545.835443037975, "141": -4484.0, "142": -4454.696202531645, "143": -4421.784810126583, "144": -4334.0, "145": -4250.25, "146": -4225.5822784810125, "147": -4178.7468354430375, "148": -4165.25, "149": -4167.354430379747, "150": -4120.518987341772, "151": -4109.0, "152": -4046.5, "153": -4043.3037974683543, "154": -4091.4050632911394, "155": -4164.0, "156": -4145.835443037975, "157": -4177.481012658228, "158": -4245.25, "159": -4299.0, "160": -4283.810126582279, "161": -4409.126582278481, "162": -4551.5, "163": -4535.708860759493, "164": -4581.278481012659, "165": -4746.5, "166": -4755.25, "167": -4807.860759493671, "168": -4966.088607594937, "169": -5049.0, "170": -5073.683544303797, "171": -5193.93670886076, "172": -5282.75, "173": -5352.75, "174": -5366.088607594937, "175": -5450.898734177215, "176": -5486.5, "177": -5486.341772151899, "178": -5540.772151898735, "179": -5559.0, "180": -5620.25, "181": -5590.139240506329, "182": -5655.962025316456, "183": -5655.25, "184": -5672.4177215189875, "185": -5719.2531645569625, "186": -5717.75, "187": -5770.25, "188": -5695.202531645569, "189": -5710.392405063291, "190": -5724.0, "191": -5719.2531645569625, "192": -5735.708860759493, "193": -5752.75, "194": -5784.0, "195": -5733.177215189873, "196": -5742.037974683544, "197": -5762.75, "198": -5781.278481012659, "199": -5788.873417721519, "200": -5679.0, "201": -5736.5, "202": -5745.835443037975, "203": -5761.025316455696, "204": -5671.5, "205": -5705.329113924051, "206": -5688.873417721519, "207": -5639.0, "208": -5640.25, "209": -5587.607594936709, "210": -5583.810126582279, "211": -5544.0, "212": -5563.556962025316, "213": -5535.708860759493, "214": -5485.25, "215": -5436.5, "216": -5431.911392405063, "217": -5388.873417721519, "218": -5336.5, "219": -5338.2405063291135, "220": -5364.822784810127, "221": -5282.75, "222": -5286.5, "223": -5283.810126582279, "224": -5282.544303797468, "225": -5250.25, "226": -5281.278481012659, "227": -5296.46835443038, "228": -5221.5, "229": -5267.75, "230": -5264.822784810127, "231": -5311.658227848101, "232": -5354.0, "233": -5364.822784810127, "234": -5404.06329113924, "235": -5462.75, "236": -5555.25, "237": -5567.354430379747, "238": -5653.430379746836, "239": -5732.75, "240": -5771.151898734177, "241": -5782.544303797468, "242": -5840.25, "243": -5906.5, "244": -5947.101265822785, "245": -6005.329113924051, "246": -6110.25, "247": -6199.0, "248": -6215.455696202532, "249": -6322.75, "250": -6331.5, "251": -6395.202531645569, "252": -6449.632911392405, "253": -6534.443037974684, "254": -6578.48717948718, "255": -6544.454545454545, "256": -6663.935064935065, "257": -6655.578947368421, "258": -6769.666666666667, "259": -6811.1621621621625, "260": -6803.054054054054, "261": -6803.109589041096, "262": -6778.166666666667, "263": -6778.166666666667, "264": -6734.211267605634, "265": -6663.285714285715, "266": -6607.695652173913, "267": -6564.217391304348, "268": -6516.64705882353, "269": -6421.388059701492, "270": -6366.164179104478, "271": -6285.363636363636, "272": -6220.538461538462, "273": -6155.25, "274": -6058.375, "275": -5999.0, "276": -5937.709677419355, "277": -5897.387096774193, "278": -5772.770491803279, "279": -5674.0, "280": -5521.033898305085, "281": -5458.322033898305, "282": -5414.517241379311, "283": -5369.175438596491, "284": -5283.210526315789, "285": -5224.0, "286": -5151.727272727273, "287": -5110.111111111111, "288": -5030.481481481482, "289": -4997.11320754717, "290": -4962.461538461538, "291": -4891.307692307692, "292": -4842.137254901961, "293": -4779.0, "294": -4713.285714285715, "295": -4650.0204081632655, "296": -4632.333333333333, "297": -4613.893617021276, "298": -4562.829787234043, "299": -4542.478260869565, "300": -4521.222222222223, "301": -4512.636363636364, "302": -4444.454545454545, "303": -4447.837209302325, "304": -4422.809523809524, "305": -4422.809523809524, "306": -4425.829268292683, "307": -4399.0, "308": -4401.5641025641025, "309": -4401.5641025641025, "310": -4420.0526315789475, "311": -4439.540540540541, "312": -4488.189189189189, "313": -4510.111111111111, "314": -4553.285714285715, "315": -4578.411764705882, "316": -4631.35294117647, "317": -4659.606060606061, "318": -4708.375, "319": -4824.0, "320": -4879.645161290323, "321": -4982.333333333333, "322": -5088.6551724137935, "323": -5130.0344827586205, "324": -5224.0, "325": -5258.259259259259, "326": -5347.148148148148, "327": -5387.461538461538,