{"0": -109.98999999999987, "1": -99.6510169491524, "2": -101.00694915254223, "3": -95.65666666666652, "4": -98.97305084745749, "5": -96.0916949152541, "6": -88.15666666666654, "7": -88.26586206896539, "8": -87.32333333333321, "9": -85.4137288135592, "10": -82.82333333333322, "11": -81.8544067796609, "12": -82.70186440677955, "13": -76.48999999999991, "14": -76.3693103448275, "15": -73.98999999999991, "16": -71.51542372881347, "17": -71.98999999999992, "18": -69.48152542372874, "19": -67.65666666666658, "20": -69.66213114754092, "21": -69.48152542372874, "22": -65.98999999999994, "23": -69.49819672131139, "24": -67.8588524590163, "25": -67.6566666666666, "26": -70.15393442622944, "27": -71.44161290322572, "28": -70.65666666666658, "29": -70.64573770491796, "30": -72.57064516129023, "31": -72.40935483870959, "32": -72.28508196721303, "33": -70.6351612903225, "34": -73.00587301587292, "35": -72.44901639344253, "36": -71.92548387096767, "37": -71.11903225806445, "38": -70.30249999999992, "39": -69.83126984126977, "40": -68.73999999999992, "41": -67.22076923076915, "42": -69.05249999999992, "43": -67.8687878787878, "44": -72.60538461538454, "45": -72.14384615384608, "46": -71.06692307692302, "47": -71.050606060606, "48": -71.78104477611933, "49": -71.50515151515145, "50": -71.60764705882346, "51": -73.57208955223874, "52": -71.93029850746262, "53": -72.52731343283575, "54": -71.60764705882346, "55": -67.67115942028978, "56": -65.72529411764697, "57": -64.5614285714285, "58": -67.52623188405788, "59": -65.06246376811586, "60": -64.6958823529411, "61": -65.20739130434774, "62": -66.46887323943653, "63": -64.84714285714277, "64": -64.85111111111102, "65": -66.04633802816892, "66": -64.71222222222212, "67": -66.46887323943653, "68": -65.54555555555547, "69": -64.85486486486477, "70": -64.7845205479451, "71": -65.5899999999999, "72": -66.61162162162151, "73": -62.62157894736832, "74": -63.05666666666657, "75": -63.147894736842005, "76": -65.63102564102553, "77": -65.44454545454535, "78": -66.01564102564092, "79": -67.78220779220769, "80": -66.31911392405053, "81": -67.2976923076922, "82": -66.95202531645558, "83": -69.00234567901222, "84": -70.23999999999988, "85": -69.49617283950606, "86": -70.23999999999988, "87": -72.79487804878038, "88": -75.42209876543198, "89": -75.35585365853646, "90": -75.77313253012036, "91": -76.45341463414623, "92": -74.68879518072278, "93": -74.98999999999988, "94": -74.27571428571417, "95": -73.84542168674687, "96": -74.27571428571417, "97": -73.75470588235282, "98": -72.72809523809512, "99": -73.59465116279058, "100": -73.40176470588224, "101": -73.20839080459758, "102": -72.5481395348836, "103": -74.01298850574702, "104": -73.9672727272726, "105": -74.12793103448263, "106": -74.82146067415718, "107": -76.01272727272715, "108": -72.98999999999987, "109": -73.3607865168538, "110": -70.87888888888877, "111": -70.97901098901085, "112": -70.76777777777765, "113": -72.05521739130421, "114": -71.63835164835152, "115": -71.81795698924716, "116": -71.07695652173899, "117": -72.78569892473104, "118": -72.46311827956976, "119": -74.50612903225793, "120": -74.35170212765944, "121": -76.79851063829773, "122": -76.83210526315774, "123": -76.726842105263, "124": -75.8233333333332, "125": -77.90666666666651, "126": -78.73999999999985, "127": -80.81474226804109, "128": -81.2271134020617, "129": -82.23489795918351, "130": -83.1532653061223, "131": -85.3435353535352, "132": -84.8384848484847, "133": -86.75767676767663, "134": -86.58999999999986, "135": -85.88999999999986, "136": -86.42564356435629, "137": -86.52465346534639, "138": -86.26450980392143, "139": -86.46058823529397, "140": -87.34294117647045, "141": -87.73509803921554, "142": -86.46058823529397, "143": -89.98999999999985, "144": -90.5782352941175, "145": -91.3625490196077, "146": -92.73509803921554, "147": -93.81352941176456, "148": -94.10764705882339, "149": -97.63705882352924, "150": -97.73509803921552, "151": -99.20568627450965, "152": -99.20568627450965, "153": -99.10764705882336, "154": -99.89196078431355, "155": -100.67627450980376, "156": -100.67627450980376, "157": -101.36254901960768, "158": -101.06843137254886, "159": -101.36254901960768, "160": -101.6566666666665, "161": -101.36254901960768, "162": -100.28411764705866, "163": -99.30372549019592, "164": -98.42137254901944, "165": -98.12725490196063, "166": -98.42137254901944, "167": -98.32333333333317, "168": -97.63705882352924, "169": -98.12725490196063, "170": -97.73509803921552, "171": -98.02921568627434, "172": -98.71549019607826, "173": -98.42137254901944, "174": -98.2252941176469, "175": -98.32333333333317, "176": -99.00960784313709, "177": -99.20568627450966, "178": -98.81352941176453, "179": -99.40176470588219, "180": -99.49980392156846, "181": -99.4017647058822, "182": -99.30372549019593, "183": -98.02921568627437, "184": -96.3625490196077, "185": -94.49980392156849, "186": -94.0096078431371, "187": -92.93117647058808, "188": -92.63705882352926, "189": -91.7547058823528, "190": -90.38215686274495, "191": -89.49980392156849, "192": -88.91156862745083, "193": -89.10764705882339, "194": -89.59784313725476, "195": -89.30372549019593, "196": -89.0096078431371, "197": -88.42137254901947, "198": -88.51941176470574, "199": -88.51941176470574, "200": -88.91156862745083, "201": -89.30372549019593, "202": -88.61745098039201, "203": -88.22529411764691, "204": -88.22529411764691, "205": -88.42137254901947, "206": -88.42137254901947, "207": -89.10764705882339, "208": -89.49980392156849, "209": -89.20568627450966, "210": -88.42137254901947, "211": -88.22529411764691, "212": -87.93117647058808, "213": -86.85274509803907, "214": -86.85274509803907, "215": -87.04882352941162, "216": -86.7547058823528, "217": -87.24490196078416, "218": -87.44098039215672, "219": -87.93117647058808, "220": -87.73509803921554, "221": -87.24490196078416, "222": -87.14686274509789, "223": -86.85274509803907, "224": -86.55862745098024, "225": -86.55862745098024, "226": -86.85274509803907, "227": -86.7547058823528, "228": -86.65666666666652, "229": -86.55862745098024, "230": -86.55862745098024, "231": -86.16647058823514, "232": -86.95078431372535, "233": -86.7547058823528, "234": -86.7547058823528, "235": -86.3625490196077, "236": -85.77431372549005, "237": -85.9703921568626, "238": -85.18607843137241, "239": -85.57823529411748, "240": -86.2645098039214, "241": -85.4801960784312, "242": -85.4801960784312, "243": -85.18607843137238, "244": -85.18607843137238, "245": -84.59784313725474, "246": -84.00960784313709, "247": -84.40176470588219, "248": -84.59784313725474, "249": -85.18607843137238, "250": -84.89196078431355, "251": -84.49980392156846, "252": -84.69588235294101, "253": -84.69588235294101, "254": -84.84148514851469, "255": -84.93949494949479, "256": -84.33343434343418, "257": -84.27571428571412, "258": -83.28896907216478, "259": -83.14789473684193, "260": -82.72684210526299, "261": -82.64957446808495, "262": -82.1639130434781, "263": -82.1639130434781, "264": -82.07791208791193, "265": -81.10111111111095, "266": -80.89909090909076, "267": -80.67181818181803, "268": -80.564712643678, "269": -80.10764705882337, "270": -79.4017647058822, "271": -79.0376190476189, "272": -79.14662650602395, "273": -78.87888888888875, "274": -78.38506172839492, "275": -78.48999999999987, "276": -77.4258974358973, "277": -77.93871794871781, "278": -77.26272727272713, "279": -77.35842105263144, "280": -76.74675675675662, "281": -75.93594594594582, "282": -76.29136986301357, "283": -76.75056338028156, "284": -76.75056338028156, "285": -76.84714285714273, "286": -76.9465217391303, "287": -76.85567164179092, "288": -76.55716417910435, "289": -76.5051515151514, "290": -76.55249999999988, "291": -76.23999999999988, "292": -76.97412698412687, "293": -77.40935483870956, "294": -77.65666666666655, "295": -77.65666666666655, "296": -78.12559322033887, "297": -78.76192982456129, "298": -78.41105263157884, "299": -77.84714285714276, "300": -77.9899999999999,