{"0": -9077.57142857143, "1": -8715.438356164384, "2": -8481.191780821919, "3": -7746.945205479452, "4": -7563.3835616438355, "5": -6905.944444444444, "6": -6542.835616438356, "7": -6460.971830985915, "8": -6212.698630136986, "9": -6064.277777777777, "10": -5711.5, "11": -5589.140845070423, "12": -5464.714285714285, "13": -5375.056338028169, "14": -5261.31884057971, "15": -5173.285714285715, "16": -5071.857142857143, "17": -5045.376811594203, "18": -4936.68115942029, "19": -4776.941176470588, "20": -4572.529411764706, "21": -4633.328358208955, "22": -4452.623188405797, "23": -4246.142857142857, "24": -4196.058823529412, "25": -4050.470588235294, "26": -4039.909090909091, "27": -4064.151515151515, "28": -3924.757575757576, "29": -3957.823529411765, "30": -3830.3432835820895, "31": -3675.1194029850744, "32": -3594.5223880597014, "33": -3560.194029850746, "34": -3512.4328358208954, "35": -3503.4776119402986, "36": -3590.176470588235, "37": -3693.1176470588234, "38": -3687.0597014925374, "39": -3843.776119402985, "40": -3879.597014925373, "41": -3784.294117647059, "42": -3817.181818181818, "43": -3993.0298507462685, "44": -3923.242424242424, "45": -3952.731343283582, "46": -4030.3432835820895, "47": -3985.5671641791046, "48": -4091.6470588235293, "49": -4038.3939393939395, "50": -3984.0746268656717, "51": -3871.7272727272725, "52": -3772.529411764706, "53": -3760.194029850746, "54": -3576.6119402985073, "55": -3406.3529411764707, "56": -3291.4242424242425, "57": -3282.582089552239, "58": -3168.6969696969695, "59": -3012.4328358208954, "60": -2947.4848484848485, "61": -2695.969696969697, "62": -2467.6567164179105, "63": -2379.0, "64": -2376.6119402985073, "65": -2205.060606060606, "66": -2168.1176470588234, "67": -2049.7462686567164, "68": -1996.0149253731342, "69": -1947.5294117647059, "70": -1950.5151515151515, "71": -1897.5294117647059, "72": -1936.313432835821, "73": -1935.231884057971, "74": -2026.9411764705883, "75": -2128.4117647058824, "76": -2109.144927536232, "77": -2110.9402985074626, "78": -2304.7971014492755, "79": -2337.235294117647, "80": -2361.8571428571427, "81": -2403.3478260869565, "82": -2423.6376811594205, "83": -2471.8571428571427, "84": -2472.529411764706, "85": -2486.1428571428573, "86": -2454.072463768116, "87": -2604.6338028169016, "88": -2584.714285714286, "89": -2649.0, "90": -2668.0140845070423, "91": -2794.6521739130435, "92": -2808.8591549295775, "93": -2853.285714285714, "94": -2926.777777777778, "95": -2886.323943661972, "96": -2979.281690140845, "97": -2868.4444444444443, "98": -2967.5714285714284, "99": -2967.0555555555557, "100": -2977.8732394366198, "101": -2946.945205479452, "102": -2922.6111111111113, "103": -2950.3888888888887, "104": -2874.3424657534247, "105": -2966.605633802817, "106": -2942.8356164383563, "107": -3019.8333333333335, "108": -3004.4054054054054, "109": -3035.986301369863, "110": -3019.5479452054797, "111": -3040.891891891892, "112": -3036.5, "113": -3081.1917808219177, "114": -3026.3972602739727, "115": -3039.5405405405404, "116": -3000.3513513513512, "117": -3088.3333333333335, "118": -3064.3333333333335, "119": -3173.324324324324, "120": -3129.6666666666665, "121": -3155.5789473684213, "122": -3155.5789473684213, "123": -3163.4736842105262, "124": -3176.9220779220777, "125": -3241.8571428571427, "126": -3226.6315789473683, "127": -3257.4415584415583, "128": -3246.4358974358975, "129": -3277.2051282051284, "130": -3260.5384615384614, "131": -3233.1772151898736, "132": -3230.6455696202534, "133": -3260.5384615384614, "134": -3290.1392405063293, "135": -3266.5, "136": -3261.025316455696, "137": -3302.7974683544303, "138": -3300.25, "139": -3269.0, "140": -3216.721518987342, "141": -3225.5822784810125, "142": -3192.75, "143": -3253.4303797468356, "144": -3276.215189873418, "145": -3280.25, "146": -3356.5, "147": -3359.759493670886, "148": -3433.1772151898736, "149": -3512.75, "150": -3463.5569620253164, "151": -3557.227848101266, "152": -3726.5, "153": -3825.25, "154": -3753.4303797468356, "155": -3878.746835443038, "156": -4024.0, "157": -4014.1898734177216, "158": -4059.759493670886, "159": -4227.75, "160": -4339.0, "161": -4334.443037974684, "162": -4477.481012658228, "163": -4520.25, "164": -4534.443037974684, "165": -4642.037974683544, "166": -4685.25, "167": -4782.75, "168": -4742.037974683544, "169": -4853.430379746836, "170": -4954.0, "171": -4961.025316455696, "172": -5062.291139240507, "173": -5156.5, "174": -5249.0, "175": -5211.658227848101, "176": -5274.949367088608, "177": -5347.75, "178": -5369.886075949367, "179": -5377.481012658228, "180": -5392.75, "181": -5472.75, "182": -5417.987341772152, "183": -5534.443037974684, "184": -5586.5, "185": -5591.405063291139, "186": -5715.455696202532, "187": -5750.25, "188": -5870.25, "189": -5845.835443037975, "190": -5900.265822784811, "191": -5895.25, "192": -5863.556962025316, "193": -5940.772151898735, "194": -5950.25, "195": -5939.0, "196": -5905.329113924051, "197": -5963.556962025316, "198": -5970.25, "199": -6015.455696202532, "200": -5952.164556962025, "201": -5957.75, "202": -6069.0, "203": -6044.569620253164, "204": -6061.025316455696, "205": -6054.0, "206": -6081.278481012659, "207": -6116.721518987341, "208": -6101.5, "209": -6156.5, "210": -6180.012658227848, "211": -6297.734177215189, "212": -6249.0, "213": -6312.9240506329115, "214": -6358.493670886076, "215": -6307.75, "216": -6342.75, "217": -6400.265822784811, "218": -6439.506329113924, "219": -6412.75, "220": -6471.151898734177, "221": -6476.215189873417, "222": -6487.75, "223": -6496.5, "224": -6512.9240506329115, "225": -6491.405063291139, "226": -6491.5, "227": -6554.696202531645, "228": -6509.126582278481, "229": -6497.75, "230": -6551.5, "231": -6561.025316455696, "232": -6564.822784810127, "233": -6570.25, "234": -6688.873417721519, "235": -6691.405063291139, "236": -6761.5, "237": -6785.25, "238": -6852.164556962025, "239": -6902.797468354431, "240": -6970.25, "241": -7019.2531645569625, "242": -7017.987341772152, "243": -7099.0, "244": -7121.5, "245": -7180.012658227848, "246": -7195.202531645569, "247": -7236.5, "248": -7296.46835443038, "249": -7288.873417721519, "250": -7366.5, "251": -7365.25, "252": -7388.873417721519, "253": -7405.410256410257, "254": -7507.974358974359, "255": -7510.688311688312, "256": -7424.0, "257": -7472.684210526316, "258": -7465.666666666667, "259": -7458.459459459459, "260": -7426.397260273972, "261": -7452.424657534247, "262": -7419.833333333333, "263": -7359.56338028169, "264": -7359.56338028169, "265": -7297.571428571428, "266": -7180.159420289855, "267": -7194.588235294118, "268": -7140.176470588235, "269": -7072.134328358209, "270": -6982.333333333333, "271": -6842.939393939394, "272": -6768.2307692307695, "273": -6709.9375, "274": -6630.746031746032, "275": -6552.9682539682535, "276": -6469.967741935484, "277": -6405.55737704918, "278": -6274.4098360655735, "279": -6154.0, "280": -6060.016949152542, "281": -5985.206896551724, "282": -5855.896551724138, "283": -5753.3859649122805, "284": -5647.214285714285, "285": -5515.071428571428, "286": -5424.454545454545, "287": -5343.444444444444, "288": -5259.377358490566, "289": -5166.924528301887, "290": -5135.538461538462, "291": -5079.392156862745, "292": -5006.843137254902, "293": -4947.0, "294": -4884.714285714285, "295": -4819.833333333333, "296": -4767.75, "297": -4724.531914893617, "298": -4679.434782608696, "299": -4612.04347826087, "300": -4605.666666666667, "301": -4585.363636363636, "302": -4550.162790697675, "303": -4494.3488372093025, "304": -4470.428571428572, "305": -4445.341463414634, "306": -4416.073170731707, "307": -4389.0, "308": -4360.538461538462, "309": -4362.1578947368425, "310": -4362.1578947368425, "311": -4363.864864864865, "312": -4365.666666666667, "313": -4365.666666666667, "314": -4367.571428571428, "315": -4369.588235294118, "316": -4371.727272727273, "317": -4408.090909090909, "318": -4374.0, "319": -4376.419354838709, "320": -4415.129032258064,